A,B,C,D,E,F,G,H,I,K,L,M,N,P,Q,R,S,T,V,W,Y,Z
0,0,0,0,0,0,0,0,0,0,0,0,0.0563,0,0.0008,0,0,0,0,0,0,0
0,0,0,0,0,0.0563,0.0008,0,0,0,0,0,0,0,0,0,0,0,0,0,0,0
0,0,0,0,0,0,0,0,0,0,0.0754,0.0015,0,0,0,0,0,0,0,0,0,0
0,0,0,0,0,0,0,0,0,0,0,0,0,0,0,0,0,0,0,0,0,0
0,0,0,0,0,0,0,0,0,0,0,0,0,0,0,0,0,0,0,0,0,0
0,0,0,0,0,0,0,0.0033,0,0,0,0,0,0,0,0,0,0,0,0,0.111,0
0,0,0,0,0,0,0,0,0,0,0,0,0,0,0,0,0,0,0,0,0,0
0,0,0,0,0,0,0,0,0,0,0,0,0,0,0,0,0,0,0,0,0,0
0,0,0,0,0,0.0008,0,0,0.357,0,0.05,0.0008,0,0,0,0,0,0,0.0133,0,0,0
0,0,0,0,0.0563,0,0,0,0,0.0008,0,0,0,0,0,0,0,0,0,0,0,0
0,0,0,0,0,0,0,0.0563,0,0,0,0,0.0008,0,0,0,0,0,0,0,0,0
0,0,0,0,0,0,0,0,0,0,0,0,0,0,0,0,0,0,0,0,0,0
0,0,0,0,0,0,0,0,0,0,0,0,0,0,0,0,0,0,0,0,0,0
0,0,0,0,0,0,0,0,0,0,0,0,0,0,0,0,0,0,0,0,0,0
0,0,0,0,0,0,0,0,0,0,0,0,0,0,0,0.0563,0.0008,0,0,0,0,0
0,0,0,0,0,0,0,0,0,0,0,0,0,0,0,0,0,0,0,0,0,0
0.3226,0,0,0,0,0,0,0,0,0,0,0,0,0.3413,0,0,0.0015,0,0,0,0,0
0,0,0,0,0,0,0,0,0,0,0,0,0,0,0,0,0,0,0,0,0,0
0,0,0,0,0,0,0,0,0,0,0,0,0,0,0,0,0,0,0,0,0,0
0,0,0,0,0,0,0,0,0,0,0,0,0,0,0,0,0,0,0,0,0,0
0,0,0,0,0,0,0,0,0.297,0,0,0,0,0,0,0,0,0,0.1304,0,0,0
0,0,0,0,0,0,0,0,0,0,0,0,0,0,0,0,0,0,0,0,0,0
0,0,0,0,0,0,0,0,0,0,0,0,0,0,0,0,0,0,0,0,0,0
0,0,0,0,0,0,0,0,0,0,0,0,0,0,0,0,0,0,0,0,0,0
0,0,0,0,0,0,0,0,0,0,0.0563,0.0008,0,0,0,0,0,0,0,0,0,0
0,0,0,0,0,0,0,0,0,0,0,0,0,0,0,0,0,0,0,0,0,0
0,0,0,0,0,0,0,0,0,0,0,0,0,0,0,0,0,0,0,0,0,0
0,0,0,0,0,0,0,0,0,0,0,0,0,0,0,0,0,0,0,0,0,0
0,0,0,0.1185,0,0,0,0,0,0,0,0,0.3537,0,0,0,0,0,0,0,0,0
0,0,0,0,0,0,0,0.0015,0,0,0.0754,0,0,0,0,0,0,0,0,0,0,0
0,0,0,0,0,0.0191,0,0,0,0,0,0,0,0,0,0,0,0,0,0.0007,0,0
0,0,0,0,0,0,0,0,0,0,0,0,0,0,0,0,0,0,0,0,0,0
0,0,0,0,0,0,0,0,0,0,0,0,0,0,0,0,0,0,0,0,0,0
0,0,0,0,0,0.0293,0,0,0.0611,0,0,0,0,0,0,0,0,0,0.0106,0,0,0
0,0,0,0,0,0,0,0,0,0,0,0,0,0,0,0,0,0,0,0,0,0
0,0,0,0,0,0,0,0,0,0,0,0,0,0,0,0,0,0,0,0,0,0
0,0,0,0,0,0,0,0,0,0,0,0,0,0,0,0,0,0,0,0,0,0
0,0,0,0,0,0,0,0,0,0,0,0,0,0,0,0,0,0,0,0,0,0
0,0,0,0,0,0,0,0,0,0,0,0,0,0,0,0,0,0,0,0,0,0
0,0,0,0,0,0,0,0,0,0,0,0,0,0,0,0,0,0,0,0,0,0
0,0,0,0,0,0,0,0,0.0018,0,0.003,0.1599,0,0,0,0,0,0,0.0073,0,0,0
0,0,0,0,0,0,0,0,0,0,0,0,0,0,0,0,0,0,0.0007,0,0.0191,0
0,0,0,0,0,0,0,0,0,0,0,0,0,0,0,0,0.2895,0.4687,0,0,0,0
0.0008,0,0.0073,0,0,0,0,0,0,0,0,0,0,0,0,0,0.2155,0,0,0,0,0
0,0,0,0,0,0,0,0,0,0,0.0007,0.0191,0,0,0,0,0,0,0,0,0,0
0,0,0,0,0,0,0,0.2981,0,0.0008,0,0,0.123,0,0,0,0.0018,0,0,0,0.0007,0
0,0,0,0,0,0,0,0,0,0,0,0,0,0,0,0,0,0,0,0,0,0
0,0,0,0,0,0.0008,0,0,0,0,0,0,0,0,0,0,0,0,0,0,0.0563,0
0,0,0,0,0,0,0,0,0,0,0,0,0,0,0,0,0,0,0,0,0,0
0,0,0,0,0,0,0,0,0.0204,0,0,0,0,0,0,0,0,0,0.173,0,0,0
0,0,0,0,0,0.2187,0,0,0.0051,0,0.2319,0,0,0,0,0,0,0,0,0,0,0
0,0,0,0,0,0,0,0,0,0,0,0,0,0,0,0,0,0,0,0,0,0
0,0,0,0,0.0008,0,0,0,0,0,0,0,0,0.1782,0,0.4516,0.0008,0,0.0008,0,0,0
0.0033,0,0,0,0,0,0,0,0.0015,0,0.3226,0.0051,0.0008,0,0,0,0.0008,0.3265,0,0,0,0
0,0,0,0,0,0,0,0,0,0,0,0,0,0,0,0,0,0,0,0,0,0
0,0,0.0563,0,0,0,0,0,0,0,0,0,0,0,0,0.0008,0,0,0,0,0,0
0,0,0,0.0131,0,0,0,0,0.0033,0,0,0,0.257,0,0,0,0.0008,0,0.0051,0,0,0
0,0,0,0,0,0,0,0,0.1142,0,0.0639,0,0,0,0,0,0,0,0.0018,0,0,0
0,0,0,0,0,0,0,0,0,0,0,0,0,0,0,0,0,0,0,0,0,0
0.0008,0,0,0,0,0,0.0563,0,0,0,0,0,0,0,0,0,0,0,0,0,0,0
0,0,0,0,0,0.1655,0,0,0.0008,0,0,0,0,0,0,0,0,0,0,0,0.0145,0
0.0059,0,0.0051,0,0,0.2442,0,0,0,0,0,0,0,0,0,0,0.0027,0,0,0,0,0
0,0,0,0,0,0,0,0,0,0,0,0,0,0,0,0,0,0,0,0,0,0
0,0,0,0,0,0,0,0,0,0,0,0,0,0,0,0,0,0,0,0,0,0
0,0,0,0,0,0.0008,0,0.2512,0,0,0.5348,0.0015,0,0,0.0007,0,0.0033,0.0008,0,0,0,0
0,0,0,0,0,0,0,0,0,0,0,0,0,0,0,0,0,0,0,0,0,0
0,0,0,0,0,0,0,0,0,0,0,0,0,0,0,0,0,0,0,0,0,0
0,0,0,0,0.1209,0,0,0,0,0,0,0.0059,0,0,0.0014,0,0,0,0.0204,0,0,0
0,0,0,0,0,0,0,0,0.0356,0,0,0.0015,0,0,0,0,0,0,0.0033,0,0,0
0.1215,0,0,0,0,0,0.0027,0,0,0,0,0,0,0,0,0,0.0425,0,0,0,0,0
0,0,0,0,0,0,0,0,0,0,0,0,0,0,0,0,0,0,0,0,0,0
0,0,0,0,0,0,0,0,0,0,0,0,0,0,0,0,0,0,0,0,0,0
0,0,0.0008,0,0,0,0,0,0,0,0,0,0,0,0,0,0.0563,0,0,0,0,0
0,0,0,0,0,0,0,0,0,0,0,0,0,0,0,0,0,0,0,0,0,0
0.0015,0,0,0,0,0,0,0,0,0,0,0,0,0,0,0,0,0,0.0754,0,0,0
0,0,0,0,0,0,0,0,0.0033,0,0,0,0,0,0,0,0,0,0.111,0,0,0
0,0,0,0,0,0,0,0,0,0,0,0,0,0,0,0,0,0,0,0,0,0
0,0,0,0,0,0,0,0,0,0,0,0,0,0,0,0,0,0,0,0,0,0
0,0,0,0,0,0,0,0,0.1641,0,0,0,0,0,0,0,0,0,0.0286,0,0,0
0,0,0,0,0,0,0,0,0,0,0,0,0,0,0,0,0,0,0,0,0,0
0,0,0,0,0,0,0,0,0,0,0,0,0,0,0,0,0,0,0,0,0,0
0,0,0,0,0,0.0008,0,0,0,0,0,0,0,0,0,0,0,0,0,0.2695,0.1365,0
0,0,0,0,0,0,0,0,0.0007,0,0.254,0.01,0,0,0,0,0,0,0.2341,0,0,0
0,0,0,0,0,0,0,0,0,0,0,0,0,0,0,0,0,0,0,0,0,0
0,0,0,0,0,0,0,0,0.0033,0,0,0,0,0,0,0,0,0,0.111,0,0,0
0,0,0,0,0,0,0,0,0,0,0,0,0,0,0,0,0,0,0,0,0,0
0,0,0,0,0,0,0,0,0,0,0,0,0,0,0,0,0,0,0,0,0,0
0,0,0,0,0,0,0,0,0,0,0,0,0,0,0,0,0,0,0,0,0,0
0,0,0,0,0,0,0,0,0.5868,0,0.0008,0.2867,0,0,0,0,0,0,0.0027,0,0,0
0.1827,0,0,0.0008,0.0008,0,0,0,0,0,0,0,0,0,0,0,0.325,0.0015,0,0,0,0
0,0,0,0,0,0,0.0015,0,0,0,0,0,0.0754,0,0,0,0,0,0,0,0,0
0,0,0,0,0,0.0563,0,0,0,0,0.0008,0,0,0,0,0,0,0,0,0,0,0
0,0,0,0,0,0,0,0,0,0,0,0,0,0,0,0,0,0,0,0,0,0
0,0,0,0,0,0,0,0,0,0,0,0,0,0,0,0,0,0,0,0,0,0
0,0,0,0,0,0,0.0191,0,0,0,0,0,0,0,0,0,0.0015,0.0008,0,0,0,0
0,0,0,0,0,0,0,0,0,0,0,0,0,0,0,0,0,0,0,0,0,0
0,0,0,0.0008,0,0,0,0,0,0.0008,0,0,0.0356,0,0,0,0.0015,0,0,0,0,0
0,0,0,0,0,0,0,0,0,0,0,0,0,0,0,0,0,0,0,0,0,0
0,0,0,0,0,0,0,0,0,0,0,0,0,0,0,0,0,0,0,0,0,0
0,0,0,0,0,0,0,0,0.1425,0,0.0235,0,0,0,0,0,0,0,0.0007,0,0,0
0,0,0,0,0,0,0,0,0,0,0,0.2155,0,0,0,0,0,0.0008,0.0033,0,0,0
0,0,0,0,0,0,0,0,0,0,0,0,0,0,0,0,0,0,0,0,0,0
0,0,0,0,0,0,0,0,0,0,0.181,0,0,0,0,0,0,0,0.1728,0,0,0
0.099,0,0,0,0,0,0,0,0.0015,0,0,0.0237,0,0,0,0,0.0106,0.0235,0.0033,0,0,0
0.0007,0,0.0008,0,0,0.1607,0,0,0,0,0.0524,0,0,0,0,0,0,0.0131,0.0015,0,0,0
0.0014,0,0,0,0,0,0,0,0,0,0,0,0,0,0,0,0.0389,0.1822,0,0,0,0
0,0,0,0,0,0,0,0,0,0,0,0,0,0,0,0,0,0,0,0,0,0
0.0015,0,0,0,0,0.0008,0,0,0.01,0,0.0059,0.0059,0,0,0,0,0,0.0133,0.0357,0,0,0
0,0,0,0,0,0,0.0008,0,0,0,0,0.0563,0,0,0,0,0,0,0,0,0,0
0.0754,0,0,0,0,0,0.0015,0,0,0,0,0,0,0,0,0,0,0,0,0,0,0
0.006,0,0.0757,0,0,0.0008,0,0,0,0,0.0328,0,0.0235,0,0,0,0.1469,0.0008,0.0015,0,0,0
0.4742,0,0,0,0,0,0,0,0,0,0,0,0,0,0,0,0.1957,0.0267,0,0,0,0
0,0,0,0,0,0,0,0,0,0,0,0,0,0,0,0,0,0,0,0,0,0
0.2407,0,0.0007,0,0,0,0,0,0,0,0,0,0,0,0,0,0.2875,0.0059,0,0,0,0
0.0008,0,0,0,0,0.0059,0.0008,0,0.0051,0,0.0015,0.0033,0,0,0,0,0,0,0.143,0,0,0
0,0,0,0,0,0,0,0,0,0,0,0,0,0,0,0,0,0,0,0,0,0
0,0,0,0,0,0,0,0,0,0,0,0,0,0,0,0,0,0,0,0,0,0
0,0,0,0,0,0,0,0,0,0,0,0,0,0,0,0,0,0,0,0,0,0
0,0,0.0008,0,0,0.3387,0,0,0.0008,0,0.0131,0,0,0,0,0,0,0,0.2472,0,0,0
0,0,0,0,0,0,0,0,0,0,0,0,0,0,0,0,0,0,0,0,0,0
0,0,0,0,0,0,0,0,0,0,0,0,0,0,0,0,0,0,0,0,0,0
0,0,0,0,0,0,0,0,0,0,0,0,0,0,0,0,0,0,0,0,0,0
0,0,0,0,0,0,0,0,0,0,0,0,0,0.0008,0,0.0563,0,0,0,0,0,0
0,0,0,0,0,0.0033,0,0,0,0,0,0,0,0,0,0,0,0,0,0,0.111,0
0,0,0,0,0,0,0,0,0.0563,0,0.0008,0,0,0,0,0,0,0,0,0,0,0
0,0,0,0,0,0,0,0,0,0,0,0,0,0,0,0,0,0,0,0,0,0
0,0,0,0,0,0,0,0,0,0,0,0,0,0,0,0,0,0,0,0,0,0
0,0,0,0,0,0,0,0,0,0,0,0,0,0,0,0,0,0,0,0,0,0
0,0,0,0,0,0.0131,0,0,0,0,0.1757,0.3537,0,0,0,0,0,0,0,0,0,0
0,0,0,0,0,0,0,0,0,0,0,0,0,0,0,0,0,0,0,0,0,0
0,0,0.3419,0,0,0,0.0007,0,0,0,0,0,0,0,0,0,0,0,0.0646,0,0,0
0.2577,0,0,0,0,0,0,0,0,0,0,0,0,0,0,0,0.4687,0.0008,0,0,0,0
0,0,0,0,0,0,0,0,0,0,0,0,0,0,0,0,0,0,0,0,0,0
0,0,0,0,0,0,0,0,0,0,0,0,0,0,0,0,0,0,0,0,0,0
0,0,0,0,0,0,0,0,0.4687,0,0,0,0,0,0,0,0,0,0.2895,0,0,0
0,0,0,0.0563,0.0008,0,0,0,0,0,0,0,0,0,0,0,0,0,0,0,0,0
0,0,0,0,0,0,0,0,0,0,0,0,0,0,0,0,0,0,0,0,0,0
0,0,0,0,0,0,0,0,0,0,0,0,0,0,0,0,0,0,0,0,0,0
0,0,0,0,0,0,0,0,0,0,0,0,0,0,0,0,0,0,0,0,0,0
0,0,0,0,0,0,0,0,0,0,0.0059,0,0,0,0,0.0886,0,0,0,0,0,0
0.4019,0,0,0.0007,0,0,0,0,0,0.0008,0,0,0.0008,0,0,0,0.1447,0,0,0,0,0
0.0235,0,0,0,0.0153,0,0,0,0,0.0008,0.0008,0,0,0.2393,0,0,0,0,0,0,0,0
0,0,0,0,0.0014,0,0.0162,0,0,0,0,0,0,0,0,0,0,0,0,0,0,0
0,0,0,0,0,0.01,0,0,0.0594,0,0,0,0,0,0,0,0.0033,0.0008,0.0594,0,0.0929,0
0,0,0,0,0,0,0,0,0,0,0,0,0,0,0,0,0,0,0,0,0,0
0,0,0,0,0,0,0,0,0,0,0,0,0,0,0,0,0,0,0,0,0,0
0,0,0,0.0007,0.0356,0,0,0,0,0.0008,0,0,0,0,0,0,0,0,0,0,0,0
0,0,0,0,0,0,0,0,0,0,0,0,0,0,0,0,0.0754,0.0015,0,0,0,0
0,0,0,0,0,0.1064,0,0,0,0,0,0,0,0,0,0,0,0,0,0,0.01,0
0,0,0,0,0,0,0,0,0,0,0,0,0,0,0,0,0,0,0,0,0,0
0,0,0,0,0,0,0,0,0.357,0,0.0059,0.0007,0,0,0,0,0,0,0.0459,0,0,0
0,0,0,0,0,0,0,0,0,0,0,0,0,0,0,0,0,0,0,0,0,0
0,0,0,0,0,0,0,0,0,0,0,0,0,0,0,0,0,0,0,0,0,0
0,0,0,0,0,0.111,0,0,0,0,0,0,0,0,0,0,0.0008,0,0,0,0.0008,0
0.0059,0,0.0033,0,0,0.0015,0.0059,0,0.0286,0,0.0033,0,0,0,0,0,0.0204,0.0651,0.0802,0,0,0
0,0,0.374,0,0,0,0.0007,0,0,0,0.0602,0.0033,0,0,0,0,0,0,0.0425,0,0,0
0,0,0,0,0,0,0,0,0,0,0,0,0,0,0,0,0,0,0,0,0,0
0,0,0,0,0,0,0,0,0,0,0,0,0,0,0,0,0,0,0,0,0,0
0.0279,0,0.0051,0,0,0.0008,0,0,0.0073,0,0.0027,0.0015,0,0,0,0,0.1949,0.0153,0.0008,0,0,0
0.0033,0,0,0,0,0.006,0.0073,0,0.2075,0,0.0015,0,0,0,0,0,0,0.0027,0.0189,0,0,0
0,0,0,0,0,0,0,0,0,0,0,0,0,0,0,0,0,0,0,0,0,0
0,0,0,0,0,0.0008,0,0,0,0,0.2155,0.0073,0,0,0,0,0,0,0,0,0,0
0.0125,0,0.0033,0,0,0.0286,0,0,0.0073,0,0.0033,0.0125,0,0,0,0,0.0059,0.0492,0.0239,0,0,0
0,0,0,0,0,0,0,0,0.0187,0,0,0,0,0,0,0,0,0,0.0121,0,0,0
0,0,0,0,0,0,0,0,0.4482,0,0.0008,0.0033,0,0,0,0,0,0,0.0294,0,0,0
0.0007,0,0.0015,0,0,0.0447,0,0,0.0033,0,0,0,0,0,0,0,0.0817,0.0651,0,0,0,0
0,0,0.0008,0,0,0.111,0,0,0,0,0,0,0,0,0,0,0,0,0,0,0.0008,0
0,0,0,0,0,0,0,0,0,0,0,0,0,0,0,0,0,0,0,0,0,0
0,0,0,0,0,0,0,0,0,0,0,0,0,0,0,0,0,0,0,0,0,0
0,0,0,0,0,0,0,0,0,0,0,0,0,0,0,0,0,0,0,0,0,0
0,0,0,0,0,0,0,0,0,0,0,0,0,0,0,0,0,0,0,0,0,0
0,0,0,0,0,0,0,0,0,0,0.0191,0,0,0,0,0,0,0,0,0.0007,0,0
0,0,0,0,0,0.0008,0,0,0,0,0.4019,0.0008,0,0,0,0,0,0,0.1716,0,0,0
0,0,0.0563,0,0,0,0,0,0,0,0,0,0,0,0,0,0,0,0,0.0008,0,0
0.5859,0,0,0,0,0,0,0,0,0,0,0,0,0,0,0,0,0.2467,0.0008,0,0,0
0,0,0,0,0,0,0,0,0.0008,0,0,0,0,0,0,0,0,0,0.0563,0,0,0
0,0,0,0,0,0,0,0,0,0,0,0,0,0,0,0,0,0,0,0,0,0
0.0008,0,0,0.0237,0.173,0,0,0,0,0,0,0,0,0,0,0.0008,0,0,0,0,0,0
0,0,0,0,0,0,0,0,0,0,0,0,0,0,0,0,0,0,0,0,0,0
0.0563,0,0,0,0,0,0,0,0,0,0,0,0,0,0,0,0,0,0.0008,0,0,0
0.0563,0,0,0,0,0,0,0,0,0,0,0,0,0,0,0,0,0,0.0008,0,0,0
0.4516,0,0,0,0,0,0,0,0,0,0,0.0008,0,0,0.1716,0,0,0,0,0,0,0
0,0,0,0,0,0,0.0008,0,0,0,0,0,0,0,0.0563,0,0,0,0,0,0,0
0,0,0,0,0,0,0,0,0,0,0,0,0,0.0008,0.0563,0,0,0,0,0,0,0
0,0,0,0.0008,0.111,0,0.0008,0,0,0,0,0,0,0,0,0,0,0,0,0,0,0
0,0,0,0,0,0.0007,0,0,0,0,0,0,0,0,0,0,0.0191,0,0,0,0,0
0,0,0,0,0,0,0,0,0,0,0,0,0,0,0,0,0,0,0,0,0,0
0,0,0,0,0,0,0,0,0,0,0,0,0,0,0,0,0,0,0,0,0,0
0,0,0,0,0,0,0,0,0,0,0,0,0,0,0,0,0,0,0,0,0,0
0,0,0,0,0,0,0,0,0,0,0,0,0,0,0,0,0,0,0,0,0,0
0,0,0,0,0,0,0,0,0,0,0,0,0,0,0,0,0,0,0,0,0,0
0,0,0,0,0,0,0,0,0,0,0,0,0,0,0,0,0,0,0,0,0,0
0,0,0,0,0.0563,0,0,0,0,0,0,0,0,0,0.0008,0,0,0,0,0,0,0
0,0,0,0,0,0,0,0,0,0.0033,0,0,0,0,0,0.111,0,0,0,0,0,0
0,0,0,0,0,0,0,0,0,0,0,0,0,0,0,0,0,0,0,0,0,0
0,0,0,0,0,0,0,0,0,0,0,0,0,0,0,0,0,0,0,0,0,0
0,0,0,0,0,0,0,0,0,0,0,0,0,0,0,0,0.0291,0.1005,0,0,0,0
0,0,0,0,0,0.0008,0,0,0,0,0,0,0,0,0,0.0563,0,0,0,0,0,0
0,0,0,0,0,0,0,0,0,0,0.0073,0.1641,0,0,0,0,0,0,0,0,0,0
0,0,0,0,0,0,0,0,0,0,0,0,0,0,0,0,0,0,0,0,0,0
0,0,0,0,0,0,0,0,0.0806,0,0,0,0,0,0,0,0,0,0.2573,0,0,0
0,0,0,0,0,0,0,0,0.1324,0,0.0515,0.0116,0,0,0,0,0,0,0.0008,0,0,0
0,0,0,0,0,0,0,0,0,0,0,0,0,0,0,0,0,0,0,0,0,0
0,0,0,0,0,0.0008,0,0,0,0,0.0015,0.0073,0,0,0,0,0,0,0.1401,0,0,0
0,0,0.0602,0,0,0.0131,0,0,0.374,0,0.0008,0.0051,0,0,0,0,0.0007,0.0008,0.0071,0,0,0
0.0129,0,0,0,0,0,0.0071,0,0,0,0,0,0,0,0,0,0.0675,0,0,0,0,0
0,0,0,0,0,0.1401,0,0,0,0,0,0,0,0,0,0,0,0,0,0,0.0116,0
0,0,0,0,0,0.0008,0,0.0007,0,0,0.0886,0,0,0.0008,0,0,0,0,0,0,0,0
0,0,0,0,0,0,0,0,0.0802,0,0.0008,0.0051,0.0008,0,0,0,0,0,0.3874,0,0,0
0,0,0.3577,0,0,0,0,0,0,0,0,0,0,0,0,0,0.058,0.0279,0,0,0,0
0,0,0,0,0,0,0,0,0,0,0,0,0,0,0,0,0,0,0,0,0,0
0,0,0.0027,0,0,0,0,0,0.0059,0,0.2528,0,0,0,0,0,0,0,0.173,0,0,0
0,0,0,0,0,0,0,0,0,0,0,0,0,0,0,0,0,0,0,0,0,0
0,0,0,0,0,0,0,0,0,0,0,0,0,0,0,0,0,0,0,0,0,0
0.111,0,0,0,0,0,0.0008,0,0,0,0,0,0,0,0,0,0,0.0008,0,0,0,0
0,0,0,0,0,0,0.271,0,0,0,0,0,0,0,0,0,0.556,0.0033,0,0,0,0
0,0,0,0,0,0,0,0,0,0,0.0008,0.0008,0,0,0,0,0.0008,0.0071,0.2121,0,0,0
0,0,0,0,0,0,0,0,0,0,0,0,0,0,0,0,0,0,0,0,0,0
0,0,0,0,0,0.0015,0,0,0,0,0,0,0,0,0,0,0,0,0,0.0754,0,0
0,0,0,0,0,0.0163,0,0,0,0,0,0,0,0,0,0,0,0,0,0.1634,0.1492,0
0,0,0,0,0,0,0,0,0.0886,0,0,0.0008,0,0,0,0,0.0033,0,0.0015,0,0,0
0,0,0,0,0,0.0563,0,0,0,0,0,0,0,0,0,0,0,0,0,0,0.0008,0
0,0,0.1067,0,0,0,0,0,0,0,0.0015,0,0,0,0,0.0008,0.0007,0.1846,0,0,0,0
0,0,0,0,0,0,0,0.0684,0,0,0,0,0.0569,0,0,0,0,0,0,0,0,0
0,0,0,0,0,0,0,0,0,0,0,0,0,0,0,0,0,0,0,0,0,0
