A,C,G,T
0.0138,0.0008,0,0
0.0702,0,0,0
0.0008,0.0138,0,0
0,0,0.0008,0.0138
0,0,0.0008,0.0138
0,0.0939,0,0.0033
0.0013,0.1378,0,0
0,0,0,0.0702
0,0.3812,0.0196,0.0051
0.0702,0,0,0
0,0.0702,0,0
0.0061,0.1151,0.0022,0.0196
0,0.3253,0,0.0115
0,0,0,0.0702
0,0.4477,0.3471,0.0043
0,0.0033,0,0.111
0,0,0,0
0,0.2232,0,0.1339
0,0,0,0
0,0,0,0
0.0013,0.0097,0.002,0.0202
0,0,0,0
0,0,0,0
0,0,0,0
0.4227,0.0592,0.0115,0.0008
0,0,0,0
0,0.3712,0.0196,0.0386
0.0008,0,0.0563,0
0,0,0,0
0.2865,0,0.4563,0
0.0008,0.0563,0,0
0,0,0,0
0,0.0702,0,0.0013
0,0,0,0
0,0,0,0
0,0,0,0
0,0,0,0
0,0,0,0
0.147,0,0.4673,0
0,0.0409,0,0.002
0,0,0,0
0.0008,0.0281,0.2898,0
0.1396,0.0318,0,0
0,0,0,0
0.0018,0,0.0263,0.0008
0,0,0,0
0,0,0,0
0.002,0.0947,0.0089,0
0,0.3225,0.3135,0.0013
0,0,0,0
0.0013,0.0326,0,0.0081
0,0.111,0,0.0033
0,0,0,0
0.0808,0.0153,0.1249,0.0089
0,0,0,0
0,0,0,0
0,0.0918,0,0.0082
0,0,0,0
0,0,0,0
0,0.209,0,0.0196
0.2678,0,0.1212,0
0,0,0,0
0,0.3257,0,0.0743
0,0,0,0
0,0,0,0
0,0.0018,0.0263,0.0008
0,0,0,0
0,0,0,0
0.0008,0.0329,0.1173,0
0,0,0,0
0,0,0,0
0,0.1378,0,0.0051
0.0008,0.0918,0,0.0107
0,0,0,0
0.0051,0.0008,0.0814,0
0,0,0,0
0,0,0,0
0.0033,0.1143,0.0073,0.1795
0,0,0,0
0,0,0,0
0.0008,0.0318,0.2296,0.0529
0,0,0,0
0,0,0,0
0.0043,0.0739,0.0013,0.102
0.3179,0,0.0982,0
0,0,0,0
0,0.111,0,0.0033
0,0.0702,0,0.0013
0.0013,0,0,0.0702
0.0013,0.5489,0.0041,0.1033
0,0,0,0
0,0,0.0005,0.0138
0,0.0814,0.0005,0.0013
0,0,0,0
0,0,0,0
0,0,0,0
0,0,0,0
0,0,0,0
0,0.0022,0.0263,0
0.0253,0,0.0073,0
0,0,0,0
0.0018,0.2408,0.0005,0.1684
0,0,0,0
0,0,0,0
0.0059,0.1512,0.0153,0.0857
0,0,0,0
0,0,0,0
0.0145,0.0202,0.0025,0.0082
0,0,0,0
0,0,0,0
0,0.0409,0,0.002
0,0,0,0
0,0,0,0
0.0013,0.1151,0.0716,0.0005
0,0,0,0
0,0,0,0
0.0073,0.378,0.0073,0.0061
0,0,0,0
0,0,0,0
0.0427,0.0497,0.0632,0
0.1071,0.0016,0.0073,0.0041
0,0,0,0
0.0191,0.0033,0.2222,0.0013
0,0,0.0005,0.0138
0.0138,0,0,0.0005
0,0.0409,0.0005,0.0008
0.3147,0,0,0.1281
0,0.2433,0.0281,0
0.0043,0.3814,0.0153,0.1124
0,0,0.0008,0.0563
0,0.1641,0.0073,0
0.0118,0,0.0013,0.0043
0.0138,0,0,0.0005
0,0,0,0
0,0,0,0
0.1734,0.2743,0,0.0005
0.0409,0,0.002,0
0.0008,0.062,0,0.0546
0,0,0,0
0,0,0,0
0.0033,0.1641,0,0.0008
0,0,0,0
0.0563,0,0,0.0008
0,0.0563,0,0.0008
0,0,0,0
0,0,0,0
0,0.124,0,0.0331
0.0171,0,0.1543,0
0,0,0,0
0,0.0409,0,0.002
0.0043,0.0971,0,0.2222
0,0,0,0
0.0551,0.1176,0.0204,0.0286
0,0,0,0
0,0,0,0
0.0025,0.1795,0.0331,0.0107
0.1273,0.3012,0.0033,0.0008
0.0008,0.1511,0.4159,0.0008
0.002,0.2278,0.2232,0.0018
0.4114,0.2975,0.0033,0.0005
0.0008,0.287,0.0008,0.2775
0.0008,0.1633,0.0408,0.0808
0,0,0,0
0,0,0,0
0,0.2155,0.0033,0.0033
0,0.0008,0,0.0563
0,0,0,0
0,0.0563,0,0.0008
0.1276,0,0.0153,0
0.0778,0,0.0008,0.0022
0,0.0814,0,0.0043
0.1041,0.0324,0.002,0.0008
0,0,0,0
0,0.1502,0.0073,0.0171
0,0,0,0
0,0,0,0
0.062,0,0.0522,0
0,0,0,0
0,0.0008,0.0563,0
0.0776,0.0188,0.1612,0
0.0008,0,0,0.0563
0.0089,0,0,0.0625
0,0.1952,0,0.0191
0,0,0.0051,0.1378
0,0.0171,0.0043,0.2186
0,0.0395,0,0.0319
0,0,0,0
0,0,0,0
0.0033,0.2511,0.0033,0.1404
0.0702,0,0,0.0013
0,0,0,0
0.0008,0.36,0.0131,0.0033
0.0005,0.1276,0,0.0118
0.2628,0.0073,0,0.5368
0.0408,0.1102,0.0319,0.0372
0,0,0,0
0,0,0,0
0.0081,0.0293,0.0115,0.0359
0,0,0,0
0,0,0,0
0.0033,0.0552,0.0008,0.1763
0.0051,0.0022,0.1012,0
0.1276,0,0,0.0153
0.0022,0.0131,0.2222,0
0.111,0,0.0033,0
0,0,0,0
0.0349,0.1176,0.0013,0.0359
0.0013,0,0.1829,0.0546
0,0.0918,0.0082,0
0.0061,0.0923,0.0089,0.0041
0,0,0,0
0,0,0,0
0,0.2142,0.0196,0.0008
0,0,0,0
0,0,0,0
0,0,0,0
0,0,0,0
0,0.0563,0.0008,0
0.0061,0.2245,0.0043,0.0281
0,0,0,0
0,0,0,0
0.0033,0.0237,0.0489,0.0107
0,0,0,0
0,0.0013,0,0.0702
0,0.2324,0.0457,0.2296
0.0033,0,0.111,0
0,0,0,0
0,0.2457,0.1061,0.0041
0,0.1454,0,0.0118
0,0,0,0
0.0033,0.0008,0.0939,0.0013
0,0,0,0
0,0,0,0
0,0.2206,0.0008,0.4244
0.1829,0,0.0318,0
0,0,0,0
0,0.1429,0,0.1429
0,0,0,0
0,0,0,0
0.1952,0,0.4477,0
0.1757,0.0243,0,0
0,0,0,0
0.002,0.0153,0.1572,0
0,0,0,0
0.1273,0,0.2457,0.0008
0,0.0041,0.2457,0.1281
0.0245,0.2322,0.1694,0.0005
0,0,0,0.0563
0.0008,0.008,0.1757,0.0008
0,0,0,0
0,0,0,0
0,0.0796,0.0191,0.0131
0.0033,0,0.111,0
0,0,0,0
0,0.0409,0.002,0
0,0,0,0
0,0,0,0
0,0.0563,0,0.0008
0,0,0,0
0,0,0,0
0.0005,0,0.0138,0
0,0,0,0
0,0,0,0
0.1243,0.1818,0.0033,0.0318
0.0263,0,0.0018,0.0008
0,0,0,0
0.0005,0.3632,0.3482,0.0081
0.4025,0,0.2322,0.0033
0.0033,0.2131,0.3502,0
0.0008,0.0563,0,0
0.0702,0,0.0013,0
0.0702,0,0.0013,0
0,0.6171,0,0.1829
0,0,0,0
0,0,0,0
0.0008,0.0138,0,0.0013
0.0008,0.0563,0,0
0,0,0,0
0.0153,0.0347,0,0.0082
0,0,0,0
0,0,0,0
0,0.2245,0,0.0612
0.0005,0,0.0138,0
0,0.0008,0.0563,0
0.0073,0.0082,0.4114,0.1001
0,0,0,0
0,0,0,0
0.0008,0,0.0563,0
0.0563,0,0.0008,0
0.0702,0,0.0013,0
0.0008,0,0,0.0073
0,0,0,0
0,0,0,0
0,0.2775,0,0.2698
0,0,0,0
0,0,0,0
0.0008,0.1952,0,0.0118
0.1572,0.0243,0.0005,0
0,0,0,0
0,0.0409,0,0.002
0.111,0,0.0033,0
0,0.0008,0,0.111
0,0,0,0
0,0,0,0
0,0,0,0
0.1771,0.1071,0.0061,0.0849
0,0.0552,0.1665,0.2326
0,0,0,0
0.0013,0.0625,0.639,0.0427
0.0103,0,0.1416,0.0171
0,0.1097,0.0033,0.0286
0.0051,0.4082,0.0903,0.0005
0.0131,0.0196,0.0043,0.0692
0,0.0191,0.0008,0.2433
0.0043,0.1097,0.0041,0
0.1276,0,0.0022,0.0033
0,0.0482,0.009,0
0.0008,0.0127,0.002,0.0043
0,0,0,0
0,0,0,0
0,0,0,0
0.041,0.002,0.0319,0.0033
0,0.0204,0,0.2653
0.0191,0.2957,0.202,0.0051
0.0563,0,0.0008,0
0,0,0.0008,0.0563
0,0,0,0
0,0,0,0
0,0.0702,0.0013,0
0.1202,0.3285,0.0115,0.0073
0.0408,0.0018,0.0131,0.0654
0.0179,0.1694,0.0873,0.0331
0.0427,0.4077,0.1202,0.0115
0.1485,0,0.4449,0.0457
0,0.36,0.04,0
0.0082,0.1386,0,0.0225
0,0,0,0
0,0,0,0
0,0.111,0,0.0663
0.0051,0,0.2307,0.2918
0,0.0138,0.0005,0
0,0.0796,0.0118,0.0073
0.0022,0.0013,0.2734,0.0115
0,0.0008,0.0008,0.111
0.0051,0.1176,0.3363,0.0013
0,0,0,0
0,0,0,0
0.0204,0.0692,0.0191,0.0005
0,0,0,0
0,0,0,0
0.0204,0.0016,0.0285,0.0569
0,0,0,0
0,0,0,0
0,0.2206,0.3135,0.0059
0.0008,0.0008,0.2114,0.2278
0,0,0.0008,0.0563
0.0294,0.0982,0.2186,0.1633
0,0,0,0
0,0,0,0
0.0669,0.3788,0.061,0
0,0,0,0
0,0,0,0
0,0,0,0
0,0,0,0
0,0,0,0
0.0005,0.0489,0,0.041
0.0033,0.111,0,0
0,0.0008,0.0563,0
0.0013,0.0497,0.1633,0.199
0,0,0,0
0.111,0,0,0.0033
0,0.0267,0,0.0018
0.0563,0.0008,0,0
0,0,0,0
0.0131,0.4365,0,0.2467
0,0,0,0
0,0,0,0
0.0814,0.0045,0.0329,0.0016
0,0,0,0
0,0,0,0
0.2296,0,0.4847,0
0,0,0,0
0,0,0,0
0.008,0.3179,0.0051,0.0592
0.3179,0.1267,0,0.0191
0,0,0,0
0.0051,0.0033,0.0778,0.0033
0,0,0,0
0,0,0,0
0,0,0,0
0,0,0.0765,0.352
0,0,0.378,0.0648
0,0.4304,0.0281,0.0281
0.0008,0,0.2488,0.4337
0,0,0,0
0.0849,0.1396,0.102,0
0,0,0,0
0,0,0,0
0,0.1081,0,0.098
0,0,0,0
0,0,0,0
0.0522,0.0131,0.1665,0
0.3788,0,0.264,0
0,0,0,0
0,0.1471,0.0131,0.0059
0,0,0,0
0,0,0,0
0.0008,0.0918,0,0.0107
0,0,0,0
0,0,0,0
0,0.1454,0,0.0118
0,0,0,0
0,0,0,0
0,0.1378,0,0.0051
0,0,0,0
0,0,0,0
0.0025,0.0286,0.009,0
0,0,0,0
0,0,0.0939,0.0061
0.0061,0.102,0.1413,0.0563
0.0073,0,0.3712,0.1267
0.0061,0.1454,0.0008,0
0.1706,0.3451,0.002,0.002
0.0008,0.1339,0.0567,0
0.0036,0.0523,0,0.0008
0.0243,0.0755,0.0036,0.1143
0,0,0,0
0.0022,0,0.0263,0
0.0061,0.1518,0.1243,0
0.0421,0,0.0494,0.3018
0.0873,0.0073,0,0.4372
0.0008,0.111,0,0.0008
0,0,0,0
0,0,0,0
0,0,0,0
0,0,0,0
0,0,0,0
0,0.353,0,0.1437
0.0008,0,0.0563,0
0,0,0,0
0.0329,0.0013,0.124,0.0008
0.0013,0,0,0.0702
0,0,0,0
0,0.1818,0.0008,0.0416
0,0,0,0
0.0082,0,0,0.0918
0,0.0324,0,0.0533
0,0,0,0
0,0,0,0
0,0.5859,0.2123,0.0005
0.3257,0.0051,0.0386,0
0,0,0,0
0.0013,0.1465,0.0043,0
0,0,0,0
0,0,0,0
0,0.0263,0,0.0022
0,0,0,0
0,0,0,0
0,0,0,0
0,0,0,0
0.0008,0.0008,0,0.111
0,0.2734,0.0008,0.0592
0.0237,0.0033,0.127,0.0118
0,0.0294,0.0153,0.0182
0.0018,0.1346,0.0204,0.0179
0.0033,0.0546,0.0497,0.3502
0,0,0.3788,0.264
0.061,0.3788,0.0349,0.0016
0,0,0,0
0,0,0,0
0,0.0138,0,0.0005
0,0,0,0
0,0,0,0
0,0.0138,0,0.0005
0.0567,0.002,0.0349,0.209
0,0.04,0.0073,0.0196
0.0188,0.0533,0.0115,0.0765
0.2796,0,0.0804,0.0131
0,0.008,0.0073,0.2222
0.0131,0.1176,0.0005,0.0057
0,0,0,0
0,0,0,0
0.0743,0.0497,0.0471,0.0556
0.0073,0.3347,0,0.0191
0,0,0,0
0.0191,0.21,0.2163,0
0.0663,0.0033,0.0612,0.092
0,0.0663,0.0033,0.0145
0,0.0849,0.0171,0.0073
0.0086,0,0.0057,0
0,0,0,0
0.0005,0.0326,0.0089,0.0018
0.36,0.0008,0.0294,0
0,0,0,0
0,0.3104,0.0522,0.0043
0.0876,0,0.0005,0.2265
0,0.0533,0.0171,0.0716
0,0.4227,0,0.1202
0,0,0,0
0.0008,0,0.0008,0.111
0,0.0702,0,0.0013
0,0,0,0
0,0,0,0
0,0.1641,0,0.0073
0,0,0,0
0,0,0,0
0,0.0077,0,0.0319
0,0,0,0
0,0,0,0
0.0018,0.0118,0.0073,0.0107
0.0008,0.0563,0,0
0,0,0,0
0.002,0.0025,0.1071,0.2114
0,0.0939,0,0.0061
0,0,0.0005,0.0138
0.0061,0,0.0939,0
0.0008,0.3661,0.147,0.0008
0,0,0,0
0.0013,0.0804,0.0739,0.0005
0,0,0,0
0,0,0,0
0,0.352,0.0008,0.061
0.2123,0,0.602,0
0,0.0563,0,0.0008
0.0612,0.0447,0.0089,0.0243
0.0008,0,0.0563,0
0,0,0,0
0.0033,0.0387,0.0115,0.0008
0,0,0,0
0,0,0,0
0.1862,0,0.3995,0
0.0008,0,0.0563,0
0.111,0.0008,0.0008,0
0.0073,0.0204,0.1012,0
0,0,0,0
0,0,0,0
0.0005,0.0045,0.092,0.102
0,0,0,0
0,0.0563,0,0.0008
0.0008,0.4857,0.0107,0.2296
0,0,0,0
0,0.0563,0,0.0008
0.002,0.0739,0.0005,0.0346
0.0008,0.147,0.4159,0
0.147,0.4159,0,0.0008
0.0005,0.3661,0.1145,0
0,0.0563,0.0008,0
0.0563,0,0.0008,0
0.0686,0.0008,0.2245,0
0,0,0,0
0.0563,0.0008,0,0
0.0033,0,0.111,0
0,0,0,0
0.0563,0,0.0008,0
0.0008,0,0.111,0.0008
0,0,0,0
0,0.0138,0,0.0005
0.0033,0.0237,0.0204,0.1665
0,0,0,0
0,0,0,0
0.0008,0,0.0563,0
0,0,0,0
0,0,0,0
0.0041,0.1829,0.0073,0.0061
0,0,0,0
0,0,0,0
0.0005,0.327,0.0804,0
0,0,0,0
0,0,0,0
0.0386,0,0.2186,0
0.36,0.04,0,0
0,0,0,0
0.0051,0.0008,0.0267,0.0008
0,0,0,0
0,0,0,0
0.0022,0.0739,0,0.0563
0,0.0008,0.0563,0
0,0,0,0
0.0082,0,0.0918,0
0.1416,0.0727,0,0
0.0033,0,0.111,0
0.0281,0.002,0.2671,0
0,0,0,0
0,0,0,0
0.0103,0,0.0326,0
0,0,0,0
0,0,0,0
0.0008,0.298,0.1518,0.0043
0.0227,0,0,0.0059
0,0.111,0.0033,0
0.0008,0.1396,0.0073,0.0073
0,0.0563,0,0.0008
0,0,0.0563,0.0008
0,0,0,0
0.1641,0.0073,0,0
0,0,0,0
0,0,0,0
0,0,0,0
0,0,0,0
0.002,0.3159,0.0522,0.0743
0.0716,0,0.2222,0
0,0,0,0
0.0033,0.2686,0.0115,0.0617
0.078,0.0489,0.0008,0
0,0,0,0
0.0022,0.2645,0.0349,0.0008
0,0,0,0
0,0,0,0
0,0,0,0
0.0061,0,0.0778,0.0005
0,0,0,0
0.0005,0.3266,0.1281,0.0073
0.3535,0.0008,0.0016,0.1396
0,0.002,0.0546,0.2645
0.0033,0.0482,0.0131,0.0008
0,0,0.0324,0.0533
0,0,0,0
0.0022,0.4084,0.0073,0.1176
0,0,0,0
0.0118,0,0,0.1454
0,0.0563,0,0.0008
0,0.2898,0,0.0387
0.0005,0.0008,0,0.0409
0.0061,0.002,0.2222,0.0008
0.1061,0.0008,0.4021,0
0.0008,0,0,0.0563
0.0225,0.1249,0.1084,0.0204
0.0285,0,0,0.1572
0,0.1633,0.4082,0
0.0008,0.1684,0,0.2202
0,0,0,0
0,0,0,0
0,0,0,0
0.0061,0.1829,0.1756,0.0059
0,0,0.0018,0.0267
0.0016,0.0016,0.0914,0.0107
0,0,0,0
0,0,0,0
0.0051,0.1465,0.0005,0
0,0,0,0
0,0,0,0
0,0.3265,0,0.2449
0.0008,0,0.0563,0
0,0.0563,0.0008,0
0.0013,0.0625,0.0073,0.0018
0.4084,0,0.2628,0.0013
0,0.002,0.0409,0
0,0.1298,0,0.0416
0.0153,0.0008,0.2222,0.0008
0,0.0153,0,0.1276
0.0022,0.0018,0.0118,0.0005
0,0,0,0
0,0,0,0
0.0033,0.1454,0.0033,0.0013
0,0,0,0
0,0,0.0702,0.0013
0,0,0.0702,0.0013
0,0,0,0
0.1429,0,0.1543,0.0131
0,0.2296,0.1543,0.0022
0.0702,0,0.0013,0
0,0,0.0033,0.111
0.0051,0.0263,0.0008,0.0033
0,0,0,0
0.0008,0,0,0.0563
0,0.1378,0,0.0051
0.1658,0.0008,0,0.0804
0,0.1837,0.1212,0.0013
0.0073,0.1071,0.002,0.0118
0.0522,0.062,0,0
0,0,0,0
0,0.1276,0,0.0153
0,0,0,0
0,0,0,0
0.0107,0,0.1465,0
0,0,0,0
